ID,Phase,Task,Owner_agent,Owner_human_proposed,Card,Exit_criterion,Blocks,Cost,status,started_on,completed_on,evidence_path
T0.1,W0 Setup,Ratify the twelve-clause constitution and wire it into the stage template,Referee,David Park,E1,Every stage prompt carries the clauses automatically. A contradicting prompt fails validation,all stages,none,not started,,,
T0.2,W0 Setup,Open and amend the decision ledger,Referee,David Park,E2,Conventional decisions have values and full amendment chains,T2.5 T4.3 T5.1,none,completed,2026-09-15,2026-09-15,ledger/ledger.yaml
T0.3,W0 Setup,Publish the eight-threat taxonomy and rewrite every stop condition as a predicate,Adversary,Graham Neubig,B2,Zero name-based stop conditions survive validation,T3.6 T3.7,none,not started,,,
T0.4,W0 Setup,Stand up execution-time provenance hashing in the runner,Instrument,Gilchan Park,A3,A deliberately mutated prompt blocks the run automatically,T2.3 T5.4,none,not started,,,
T0.5,W0 Setup,"Fetch and checksum every asset. PEACE repo and checkpoint, Predector container, PHI-base, MycoCosm",Curator,Xin Dai,-,Every asset present with a recorded checksum and licence status,T1.2 T2.2 T2.3,none,partial,2026-09-15,,docs/assets.md
TR.1,W1 Repair,"Repair panel-level scoring, chance precision, cross-fitted headroom and split fields","Referee and Floor","David Park, Shinjae Yoo",-,Four regression tests fail against the prior behavior and both programs run on test data,T2.5 T2.6 T5.6,none,completed,2026-09-15,2026-09-15,"scorer/test_score.py; floor/test_floor.py"
T1.1,W1 Tier 1,Axis enumeration in one pass across all five axes,Curator,Xin Dai,D2,"One table, five counts, and a refusal to release any single count alone",GATE 1,none,blocked,2026-09-15,,handoff/w1/axes_report.md
T1.2,W1 Tier 1,"Build the union positive set from PHI-base, PEACE curated CSVs and Predector confirmed set",Curator,Xin Dai,-,Deduplicated FASTA with per-sequence provenance and evidence code,T1.3 T1.4,none,completed,2026-09-15,2026-09-15,"data/positives/union.fasta; data/positives/provenance.tsv; data/positives/curation_summary.json"
T1.3,W1 Tier 1,"STRUCTURAL CLUSTERING. Predicted models for the union set, Foldseek all versus all, cluster at TM 0.50",Curator,Xin Dai,D2,"Independent unit count at TM 0.50 reported together with sequence counts at 30, 40 and 50 percent",GATE 1 T5.2,under 8 GPU hours,partial,2026-09-15,,handoff/w1/axes_measurements.md
T1.4,W1 Tier 1,Label eligibility filter. Retain functional evidence only,Curator,Qun Liu reviews,-,Every retained positive names an assay. Computational codes removed and counted,GATE 1,none,completed,2026-09-15,2026-09-15,"data/positives/provenance.tsv; data/positives/curation_summary.json; data/positives/profile_summary.json"
T1.5,W1 Tier 1,Contamination audit. Publication and deposition date per positive against every subject cutoff,Curator,Xin Dai,D1,Pre-cutoff and post-cutoff strata sized and dated,TL.1,none,blocked,2026-09-15,,handoff/w1/axes_report.md
T1.6,W1 Tier 1,"Tool coverage count. In planta RNA-seq, repeat annotation, assembly quality per species",Curator,Xin Dai,D2,Per-channel coverage fraction across the candidate cohort,T2.4,none,blocked,2026-09-15,,handoff/w1/axes_report.md
GATE 1,W1 Gate,"Units at or above 45 after structural clustering, functional labels, four channels covering most of cohort",Panel,All five,A1,"Pass, or restate delta at 0.10, or close the task",W2,none,not started,,,
T2.1,W2 Tier 2,Build and freeze the design split that never gets scored,Floor,Shinjae Yoo,D3,Split hashed and recorded before any floor runs,T2.2 T2.7,none,not started,,,
T2.2,W2 Tier 2,"Run Floor C, Predector, blinded, on design-split panels",Floor,Shinjae Yoo,-,"Ranked output per panel, arm identity withheld from the Referee",T2.5 T2.6,13 CPU hours per full cohort pass,not started,,,
T2.3,W2 Tier 2,"Run Floor M, PEACE, on the same panels with the checkpoint verified",Floor,Xin Dai,A3,Ranked output plus a served parameter count matching the card,T2.4 T2.5,1 to 3 GPU days,not started,,,
T2.4,W2 Tier 2,Build Floor M plus six channels and measure C by mechanical ablation,Floor,Shinjae Yoo,-,The channel count at which the fixed ensemble stops improving,GATE 2,moderate,not started,,,
T2.5,W2 Tier 2,"Compute sigma_d, N_min and MDE(N) for both cohort geometries",Floor,Shinjae Yoo,-,All three written to the ledger before any agent call exists,GATE 2 T5.6,none,not started,,,
T2.6,W2 Tier 2,THE HEADROOM TEST. Global channel weights against per-lifestyle oracle weights,Floor,Shinjae Yoo,-,H reported with an interval,GATE 2,none,not started,,,
T2.7,W2 Tier 2,"Item-design search over budget, channel set and contract shape, optimised for floor separation",Floor,Shinjae Yoo,D3,Chosen design plus a search log showing the scored cohort was never touched,T5.2,none,not started,,,
GATE 2,W2 Gate,H exceeds delta and the six-channel floor does not take the ceiling,Panel,All five,A1,"Pass, or close the task with zero agent calls spent",W3,none,not started,,,
T3.1,W3-5 Tier 3,"Generate roughly eighteen tool cards. Read the code first, then the defining paper",Instrument,Gilchan Park,A2,"Every card carries a disagreement list, explicitly empty or non-empty",T3.3 T3.5,two days,not started,,,
T3.2,W3-5 Tier 3,"Clear licences and rule on substitutions for SignalP, TMHMM and Phobius",Instrument,Gilchan Park,-,Each substitution justified against precision at twenty with the recall spread quoted,T3.5,"lead time, start now",not started,,,
T3.3,W3-5 Tier 3,Construct validity check before functional certification for every tool,Instrument,Gilchan Park,-,Each tool states the quantity it returns and its relation to the scored quantity,T3.5,none,not started,,,
T3.4,W3-5 Tier 3,Curate the effector fold library for the structural channel,Curator,Xin Dai,-,"Named folds, source structures, and a written statement that pLDDT is a covariate",T2.4,low,not started,,,
T3.5,W3-5 Tier 3,Containerise four arms in Harbor on Predector Nextflow and conda packaging,Adversary,"Graham Neubig, CMU",-,One command runs a cell end to end on either site,T4.1,CMU effort,not started,,,
T3.6,W3-5 Tier 3,"Generate must-fire and must-not-fire controls for every gate, inheriting seeds S1 to S5",Adversary,Graham Neubig,B1,No gate arms until both of its controls have run,T5.4,none,not started,,,
T3.7,W3-5 Tier 3,"Verify grants for all four arms from traces and model-side calls, including memory disablement",Adversary,Graham Neubig,B2,"Arm 3 records a foundation-model firewall refusal; arm 4 returns a parseable score from the card-matching checkpoint; arms 1 and 2 satisfy their negative controls",T5.4,low,specified,2026-09-15,2026-09-15,handoff/w1/grant_verification.md
T4.1,W5 Tier 4,"HARNESS CONTROL. One panel, one known-good model, full tool surface",Adversary,Graham Neubig,-,Contract-compliant submission with per-candidate evidence,GATE 3,one panel of tokens,not started,,,
T4.2,W5 Tier 4,Rule on prompt symmetry against prompt neutrality and record it,Referee,David Park,E2,A written ruling naming the fabrication risk that file paths create for arm 1,T5.1,none,not started,,,
T4.3,W5 Tier 4,"Measure tokens, wall time and coverage per cell. Set S and the repair budget from the curve",Instrument,"Gilchan Park, David Park rules",C1,"S and repair budget written to the ledger, sized against the actual token allocation",GATE 3 T5.4,small,not started,,,
GATE 3,W5 Gate,Harness control passes and cost per cell fits the allocation at the chosen S,Panel,All five,A1,"Pass, or loop back to tier 3, never to the subject model",W6,none,not started,,,
T5.1,W6-8 Run,Freeze the preregistration and close the ledger for the run,Referee,David Park,E2,Hash recorded. Later amendments append rather than overwrite,T5.4,none,not started,,,
T5.2,W6-8 Run,Build the scored panels with disjoint structural clusters and same-organism decoys,Curator,Xin Dai,-,"Panel manifest with cluster IDs and an automated check that no cluster repeats. Every panel is stratified by whether its planted positive satisfies the canonical small, secreted, cysteine-rich profile, and the stratum is recorded in the panel manifest. The construction rule must exist before the panels do.",T5.4,moderate,not started,,,
T5.3,W6-8 Run,Build saprotroph-decoy control panels to estimate the unknown-positive background rate,Curator,Xin Dai,-,A background estimate that qualifies every absolute precision figure,T5.6,low,not started,,,
T5.4,W6-8 Run,Run four arms at the frozen S with an identical repair budget,"Instrument runs, Referee scores blind","Gilchan Park, David Park",C1,Coverage reported as a curve in S per arm. No arm scored zero for a wiring reason,T5.5 T5.6,the main token spend,not started,,,
T5.5,W6-8 Run,Score process metrics beside outcome against a forced-depth control at matched compute,Referee,David Park,C2,"Depth, explicit rejection and disagreement handling, each with its own denominator",T5.6,matched compute control,not started,,,
T5.6,W6-8 Run,"Report precision at twenty against chance, against Floor M plus, and with MDE at realised N",Referee,David Park,-,"No effect appears without its MDE. The agent-against-floor difference is reported separately on the canonical and non-canonical strata, never pooled without a statement. Labelled positives over-represent canonical effectors while the plausible agent edge lies on the non-canonical ones, so a pooled number is a lower bound.",GATE 4,none,not started,,,
GATE 4,W8 Gate,"Every arm measured, or explicitly declared unmeasured with a reason",Panel,All five,A1,"Pass, or fix the wiring and rescore before any claim leaves the project",report,none,not started,,,
TL.1,Standing,Live cohort agent. Scheduled ingest of new validated effectors under frozen rules,Curator,Xin Dai,D1,First refresh produces a dated vintage. No pooling across vintages without a statement,condition 3,"recurring, low",not started,,,
TV.1,Standing,Convene the asymmetric verifier panel at every gate,All five,Panel,A1,"Disagreement aggregated, not opinion. Verifiers sharing a source counted once",all gates,none,not started,,,
TV.2,Standing,Maintain the failure ledger. Classify every failure into one of the five classes,Adversary,Graham Neubig,E1,Each new failure either matches a class or forces a constitution amendment,constitution,none,not started,,,
