D0P3S7	D0P3S7
E0W4Q8	E0W4Q8
E0W4U2	E0W4U2
E0W4V8_PHYSO	E0W4V8_PHYSO
E0W4Y2	E0W4Y2
E0W544	E0W544
E0W547	E0W547
E0W5A0	E0W5A0
E0W5Q5_PHYSO	E0W5Q5_PHYSO
E3KHU8	E3KHU8
E3KIN4	E3KIN4
E3L2L4	E3L2L4
E3Q704	E3Q704
E3QD10	E3QD10
E3QKL1	E3QKL1
E4ZT77	E4ZT77
E4ZT84	E4ZT84
E4ZUN5	E4ZUN5
E6YE64	E6YE64
E6ZKQ0	E6ZKQ0
E6ZKU6	E6ZKU6
E6ZMP5	E6ZMP5
E6ZMP6	E6ZMP6
E6ZMP6	E6ZMP7
E6ZMQ1	E6ZMQ1
E6ZN54	E6ZN54
E6ZPZ7	E6ZPZ7
E6ZS63	E6ZS63
E6ZS65	E6ZS65
E6ZS65	G0X7N7
E6ZS66	E6ZS66
E6ZS67	E6ZS67
E6ZS68	E6ZS68
E6ZS69	E6ZS69
E6ZS70	E6ZS70
E6ZS71	E6ZS71
E6ZS72	E6ZS72
E6ZS73	E6ZS73
E6ZS74	E6ZS74
E6ZS75	E6ZS75
E6ZS76	E6ZS76
E6ZS77	E6ZS77
E6ZS78	E6ZS78
E6ZS79	E6ZS79
E6ZS80	E6ZS80
E6ZS81	E6ZS81
E6ZS82	E6ZS82
E6ZS83	E6ZS83
E6ZS84	E6ZS84
E6ZS85	E6ZS85
E6ZS86	E6ZS86
E6ZS87	E6ZS87
E6ZS88	E6ZS88
E6ZS90	E6ZS90
E6ZS91	E6ZS91
E6ZS92	E6ZS92
E6ZS93	E6ZS93
E6ZU78	E6ZU78
E6ZWS5	E6ZWS5
E6ZY85	E6ZY85
E6ZYE0	E6ZYE0
E6ZYY9	E6ZYY9
E6ZZM5	E6ZZM5
E6ZZM6	E6ZZM6
E6ZZW9	E6ZZW9
E6ZZX0	E6ZZX0
E6ZZX1	E6ZZX1
E6ZZX2	E6ZZX2
E6ZZX3	E6ZZX3
E7A094	E7A094
E7A094	A0A0D1C6B8
E7A095	E7A095
E7A097	E7A097
E7A097	A0A0D1DYP1
E7A098	E7A098
E7A099	E7A099
E7A0A0	E7A0A0
E7A0A0	A0A0D1C6C3
E7A0A1	E7A0A1
E7A0A2	E7A0A2
E7A0A3	E7A0A3
E7A0A3	E7A0A7
E7A0A3	E7A0A6
E7A0A4	E7A0A4
E7A0A5	E7A0A5
E7A0A8	E7A0A8
E7A0K4	E7A0K4
E7A0K5	E7A0K5
E7A0K6	E7A0K6
E7A183	E7A183
E7A184	E7A184
E7A2P8	E7A2P8
E7A3A9	E7A3A9
F2YQ16	F2YQ16
F2YQ16	A5YTY8
F4RBY2	F4RBY2
Q945U0	Q945U0
Q945U0	Q945T9
Q94FS7	Q94FS7
Q94FS7	A0A0M3Q8U4
R0J3Y1	R0J3Y1
R0K2C5	R0K2C5
R0KGT7	R0KGT7
R9RX08	R9RX08
R9RX08	B9WZW9
V5TFR9	V5TFR9
W2PVL9	W2PVL9
W2RAR9	W2RAR9
W9ZT25	W9ZT25
X0J790	X0J790
X0JFE5	X0JFE5
X0K540	X0K540
X0KJP1	X0KJP1
X0L985	X0L985
ZtAvrStb6	ZtAvrStb6
G5EHQ6	G5EHQ6
G9BER8	G9BER8
G9BER8	G9BES2
G9BES0	G9BES0
G9BES0	E3QRC0
H7CE70	H7CE70
H7CE70	G5EI17
H9BPR8	H9BPR8
H9DUR1	H9DUR1
I1RLN6	I1RLN6
I1S303	I1S303
I1VGT7	I1VGT7
I1VGT8	I1VGT8
I2FS85	I2FS85
J4URT3	J4URT3
J5J7Y8	J5J7Y8
J9VQE5	J9VQE5
L7NCS1	L7NCS1
L7NCS1	A0A2R2Z574
L7NCS1	A0A2R2Z564
L7NCS1	A0A2R2Z561
L7NCS1	A0A2R2Z570
L7NCS1	A0A2R2Z560
L7NCS1	A0A2R2Z572
L7NCS1	A0A2R2Z575
L7NCS1	L7NCR0
L7NCS1	Q9AXL8
L7NCS1	Q9AT28
L7NCS1	Q9SPD4
L8WVP3	L8WVP3
M1GM60	M1GM60
M4BIN0	M4BIN0
N1J7E2	N1J7E2
N1J904	N1J904
N1JFE2	N1JFE2
N1JFM8	N1JFM8
N1JGD1	N1JGD1
N1JHK8	N1JHK8
N1JJE7	N1JJE7
N1JJH4	N1JJH4
N1JJX4	N1JJX4
N1JJX4	A0A1L5JEG4
N1JK84	N1JK84
N1JK93	N1JK93
N1JN67	N1JN67
N1JPG4	N1JPG4
N1PIZ7	N1PIZ7
N1PIZ7	Q00363
N1RSS1	N1RSS1
N4V2U6	N4V2U6
N4VVN8	N4VVN8
O42718	O42718
O42718	O42719
O42830	O42830
P0CT27	P0CT27
P0CU91	P0CU91
P22287	P22287
P78737	P78737
P79085	P79085
PHI:8149	PHI:8149
PaMiSSP10b	PaMiSSP10b
PiSNE1	PiSNE1
Q00365	Q00365
Q01905	Q01905
Q02039	Q02039
Q09QS2	Q09QS2
Q09QS3	Q09QS3
Q258K5	Q258K5
Q2KEJ2	Q2KEJ2
Q2MV46	Q2MV46
Q2MV49	Q2MV49
Q4PCM2	Q4PCM2
Q4PCM4	Q4PCM4
Q4PCM4	Q4P999
Q4PCM4	E3CTN3
Q4PCM4	Q4P9A0
Q4PCM6	Q4PCM6
Q4PDL7	Q4PDL7
Q4PDL7	A0A0D1E3Z8
Q4PDL7	Q4PCM5
Q4VKJ6	Q4VKJ6
Q4VKJ6	Q4VKJ1
Q56VT8	Q56VT8
Q5G7L2	Q5G7L2
Q5G7L2	Q5G7K8
Q5G7L2	Q5G7L3
Q5TIP4	Q5TIP4
Q5VB04	Q5VB04
Q6PQG3	Q6PQG3
Q6PQH2	Q6PQH2
Q6R661	Q6R661
Q6R661	Q1HBK6
Q6R661	Q6R656
Q6R661	Q6R659
Q6TA23	Q6TA23
Q6WER3	Q6WER3
Q6ZX14	Q6ZX14
Q709E0	Q709E0
Q709E2	Q709E2
Q709E2	Q709D8
Q84XU0	Q84XU0
Q84XU0	D0N607
Q87W07	Q87W07
Q8H6Z4	Q8H6Z4
Q8H6Z6	Q8H6Z6
Q8J180	Q8J180
Q8NID8	Q8NID8
F6MEZ1	F6MEZ1
F6MEZ1	F6MEZ2
F6MEZ4	F6MEZ4
F6MEZ8	F6MEZ8
F6MF00	F6MF00
F6MF01	F6MF01
F6MF03	F6MF03
F6MF04	F6MF04
F6MF05	F6MF05
F6MF06	F6MF06
F6MF07	F6MF07
F6MF08	F6MF08
F6MF08	F6MEZ6
F8UNP0	F8UNP0
F9GAR0	F9GAR0
F9GCQ6	F9GCQ6
F9GE44	F9GE44
F9XAU1	F9XAU1
F9XBP2	F9XBP2
F9XHX3	F9XHX3
F9XHX3	A0A2H1GTW7
F9XKL2	F9XKL2
F9XMT4	F9XMT4
G0X7F2	G0X7F2
G0X7K3	G0X7K3
G0X7L8	G0X7L8
G0X7M4	G0X7M4
G0X7P5	G0X7P5
G0X7P5	E6ZS64
G0X7S0	G0X7S0
G0X7S7	G0X7S7
G0X7U0	G0X7U0
G0X7V8	G0X7V8
G0X7X3	G0X7X3
G0X7Y1	G0X7Y1
G0X801	G0X801
G0X809	G0X809
G0X828	G0X828
G0X840	G0X840
G0X840	KIS66302
G0X849	G0X849
G0X854	G0X854
G0X860	G0X860
G0X877	G0X877
G0Y276	G0Y276
G1FQZ9	G1FQZ9
G1K3N3	G1K3N3
G2X444	G2X444
G2X4G0	G2X4G0
G2X4U8	G2X4U8
G2X9W2	G2X9W2
G2XA95	G2XA95
G2XDH0	G2XDH0
G2XWG3	G2XWG3
G3C9L0	G3C9L0
G3C9L1	G3C9L1
G3C9N5	G3C9N5
G3C9N6	G3C9N6
G3C9N7	G3C9N7
G3C9N8	G3C9N8
G3C9N9	G3C9N9
G3C9P0	G3C9P0
G3C9P6	G3C9P6
G3C9P9	G3C9P9
G3C9Q4	G3C9Q4
G3C9Q5	G3C9Q5
G3C9Q7	G3C9Q7
G3C9Q9	G3C9Q9
G3C9R3	G3C9R3
G3C9R4	G3C9R4
G3C9S3	G3C9S3
G3C9S7	G3C9S7
G3C9S7	G3C9P1
G3C9T3	G3C9T3
G3C9T8	G3C9T8
G3C9U1	G3C9U1
G3CK59	G3CK59
G3CK59	G0X7Z5
G3CK64	G3CK64
G4MKI0	G4MKI0
G4MKI0	A7EXN1
G4MRT1	G4MRT1
G4MVX4	G4MVX4
G4MX34	G4MX34
G4MX55	G4MX55
G4MX55	A0A1B5KY51
G4MY32	G4MY32
G4MY99	G4MY99
G4N375	G4N375
G4N5C1	G4N5C1
G4N6S9	G4N6S9
G4N8Y3	G4N8Y3
G4N906	G4N906
G4N906	H1UVH3
G4N906	H1VSQ9
G4NH41	G4NH41
G4YIB3	G4YIB3
G4ZLE6	G4ZLE6
G4ZRQ8	G4ZRQ8
G4ZSG0	G4ZSG0
G5A0G9	G5A0G9
G5A0G9	G4ZHR2
G5ADB3	G5ADB3
G5ADB3	D0NRS4
A0A023UJQ9	A0A023UJQ9
A0A061HMY2	A0A061HMY2
A0A061HMY2	A0A061HK55
A0A061HMY2	A0A2P0ZEB6
A0A063BYC9	A0A063BYC9
A0A063CBJ7	A0A063CBJ7
A0A0A0S3X0	A0A0A0S3X0
A0A0A2I2M6	A0A0A2I2M6
A0A0A2I2M6	A0A384J6C4
A0A0A2ILW0	A0A0A2ILW0
A0A0A2JB06	A0A0A2JB06
A0A0A2JJP9	A0A0A2JJP9
A0A0A2JJP9	A0A059UDR8
A0A0A2JVC2	A0A0A2JVC2
A0A0A2JVC2	G2WSX9
A0A0A2JY92	A0A0A2JY92
A0A0A2KIK6	A0A0A2KIK6
A0A0A7DLN4	A0A0A7DLN4
A0A0A7DM22	A0A0A7DM22
A0A0A7DMM3	A0A0A7DMM3
A0A0B5L7L9	A0A0B5L7L9
A0A0B5L7L9	A0A0D1E411
A0A0C4DI32	A0A0C4DI32
A0A0C4DI32	D0U2D1
A0A0C4DI32	Q2A0P1
A0A0D1BVD8	A0A0D1BVD8
A0A0D1BVZ6	A0A0D1BVZ6
A0A0D1C5E3	A0A0D1C5E3
A0A0D1C8C8	A0A0D1C8C8
A0A0D1CF25	A0A0D1CF25
A0A0D1CFN1	A0A0D1CFN1
A0A0D1CHF8	A0A0D1CHF8
A0A0D1CJB9	A0A0D1CJB9
A0A0D1CND6	A0A0D1CND6
A0A0D1CND6	A0A0D1C393
A0A0D1CRF7	A0A0D1CRF7
A0A0D1CRF7	E7A096
A0A0D1CRG2	A0A0D1CRG2
A0A0D1CU07	A0A0D1CU07
A0A0D1CW02	A0A0D1CW02
A0A0D1CWP9	A0A0D1CWP9
A0A0D1CXX9	A0A0D1CXX9
A0A0D1CYK5	A0A0D1CYK5
A0A0D1CZH2	A0A0D1CZH2
A0A0D1D169	A0A0D1D169
A0A0D1DMZ9	A0A0D1DMZ9
A0A0D1DPX0	A0A0D1DPX0
A0A0D1DQD7	A0A0D1DQD7
A0A0D1DRM3	A0A0D1DRM3
A0A0D1DRV1	A0A0D1DRV1
A0A0D1DT47	A0A0D1DT47
A0A0D1DTB8	A0A0D1DTB8
A0A0D1DU27	A0A0D1DU27
A0A0D1DUC4	A0A0D1DUC4
A0A0D1DUQ9	A0A0D1DUQ9
A0A0D1DV84	A0A0D1DV84
A0A0D1DWQ2	A0A0D1DWQ2
A0A0D1DWR4	A0A0D1DWR4
A0A0D1DX64	A0A0D1DX64
A0A0D1DYI3	A0A0D1DYI3
A0A0D1DYP7	A0A0D1DYP7
A0A0D1DYX1	A0A0D1DYX1
A0A0D1DZA9	A0A0D1DZA9
A0A0D1DZA9	A0A0D1E4Y8
A0A0D1DZX5	A0A0D1DZX5
A0A0D1E0J1	A0A0D1E0J1
A0A0D1E167	A0A0D1E167
A0A0D1E1A9	A0A0D1E1A9
A0A0D1E1D4	A0A0D1E1D4
A0A0D1E1G8	A0A0D1E1G8
A0A0D1E1H1	A0A0D1E1H1
A0A0D1E1Y8	A0A0D1E1Y8
A0A0D1E2J4	A0A0D1E2J4
A0A0D1E2M4	A0A0D1E2M4
A0A0D1E2W3	A0A0D1E2W3
A0A0D1E3H5	A0A0D1E3H5
A0A0D1E3X3	A0A0D1E3X3
A0A0D1E4Q7	A0A0D1E4Q7
A0A0D1E4Q7	E6ZXT3
A0A0D1E5A8	A0A0D1E5A8
A0A0D1E5X9	A0A0D1E5X9
A0A0D1E6W5	A0A0D1E6W5
A0A0D1E6Y4	A0A0D1E6Y4
A0A0D1E701	A0A0D1E701
A0A0D1E8C1	A0A0D1E8C1
A0A0D1E951	A0A0D1E951
A0A0D1E951	E6ZLL5
A0A0D1E997	A0A0D1E997
A0A0D1EAN2	A0A0D1EAN2
A0A0D1EAR7	A0A0D1EAR7
A0A0D1EDY9	A0A0D1EDY9
A0A0H4ITX1	A0A0H4ITX1
A0A0I9ZBA9	A0A0I9ZBA9
A0A0J9WVB5	A0A0J9WVB5
A0A0J9WVB5	A0A7G5WGW9
A0A0L0V3D9	A0A0L0V3D9
A0A0L0VA94	A0A0L0VA94
A0A0L0VHJ5	A0A0L0VHJ5
A0A0L0VYD3	A0A0L0VYD3
A0A0L0VYD3__2	A0A0L0VYD3__2
A0A0M4AMY8	A0A0M4AMY8
A0A0M5K865	A0A0M5K865
A0A0P0FZ34	A0A0P0FZ34
A0A0P1KYY9	A0A0P1KYY9
A0A0S1MJK1	A0A0S1MJK1
A0A0U2R974	A0A0U2R974
A0A0U2R974	A0A1P8YXI8
A0A142KWG0	A0A142KWG0
A0A142KWI6	A0A142KWI6
A0A169T708	A0A169T708
A0A169T708	Q2A0P0
A0A180GHN3	A0A180GHN3
A0A194W4R1	A0A194W4R1
A0A194WDN5	A0A194WDN5
A0A1B0RFQ0	A0A1B0RFQ0
A0A1B0RFQ0	D5KLB3
A0A1B0RFQ0	A0A6B7L9I7
A0A1B0RFQ0	D5KLB5
A0A1B2CW13	A0A1B2CW13
A0A1B2CW89	A0A1B2CW89
A0A1B5KZM5	A0A1B5KZM5
A0A1C9II12	A0A1C9II12
A0A1C9V3Q1	A0A1C9V3Q1
A0A1D9QD76	A0A1D9QD76
A0A1D9QGK0	A0A1D9QGK0
A0A1P8W6L1	A0A1P8W6L1
A0A1P8YXK1	A0A1P8YXK1
A0A226B923	A0A226B923
A0A2I6B3G6	A0A2I6B3G6
A0A2R2Z552	A0A2R2Z552
A0A411NN20	A0A411NN20
A0A444RJQ0	A0A444RJQ0
A0A4T0WF76	A0A4T0WF76
A0A507D1H9	A0A507D1H9
A0A5B0MRS6	A0A5B0MRS6
A0A5B0PMB3	A0A5B0PMB3
A0A5B0PMB3	A0A5B0P8V4
A0A5B0PMB3	A0A5B0PKJ8
A0A5J6DDN9	A0A5J6DDN9
A0A6M4FAR2	A0A6M4FAR2
A0A8E5HLT0	A0A8E5HLT0
A0A8E5JS15	A0A8E5JS15
A0A8H7MAE0	A0A8H7MAE0
A0A9X9QEV5	A0A9X9QEV5
A0N0D1	A0N0D1
A4F4L2	A4F4L2
A4L9T6	A4L9T6
A4L9T6	A4LAA7
A4QVZ8	A4QVZ8
A7E6C4	A7E6C4
A7E9T8	A7E9T8
A7F1J8	A7F1J8
A7L812	A7L812
A9JX75	A9JX75
AEQ16461.1	AEQ16461.1
B1NNT7	B1NNT7
B2C6F3	B2C6F3
B2C6F5	B2C6F5
B2C6F8	B2C6F8
B2ZCS6	B2ZCS6
B2ZCS6	Q2MV43
B9A9V1	B9A9V1
B9A9V1	G5EI71
B9A9V1	Q01145
B9ZUL0	B9ZUL0
C0LF23	C0LF23
C1KJG7	C1KJG7
C1KJG7	C1KJH7
C1KJG7	C1KJH9
C1KJG7	C1KJI7
C1KJG7	F7J181
C1KJG7	Q9C478
C4B8B7	C4B8B7
C4B8B8	C4B8B8
C4B8B8	A0A219T3Y8
C4B8B8	C4B8B9
C4B8B8	C4B8C2
C4B8B8	G4MXW3
C6ZEZ6	C6ZEZ6
C9WMG8	C9WMG8
D0MZL5	D0MZL5
D0N8M0	D0N8M0
D0N8M8	D0N8M8
D0NBV3	D0NBV3
D0NBV3	D0NBV1
D0NDJ8	D0NDJ8
D0NIL2	D0NIL2
D0NN59	D0NN59
D0NPN8	D0NPN8
D0NTY1	D0NTY1
D0NVB5	D0NVB5
D0NXM3	D0NXM3
D0P1B2	D0P1B2
D0P1B2	D0N0I4
D0P1B2	D0P1A8
