AF-A0A063CBJ7-F1	AF-A0A063CBJ7-F1
AF-A0A0A2ILW0-F1	AF-A0A0A2ILW0-F1
AF-A0A0A2JB06-F1	AF-A0A0A2JB06-F1
AF-A0A0A2JVC2-F1	AF-A0A0A2JVC2-F1
AF-A0A0A2JY92-F1	AF-A0A0A2JY92-F1
AF-A0A0D1C8C8-F1	AF-A0A0D1C8C8-F1
AF-A0A0D1DPX0-F1	AF-A0A0D1DPX0-F1
AF-A0A0D1DWQ2-F1	AF-A0A0D1DWQ2-F1
AF-A0A0D1E951-F1	AF-A0A0D1E951-F1
AF-A0A0D1EAR7-F1	AF-A0A0D1EAR7-F1
AF-A0A0M5K865-F1	AF-A0A0M5K865-F1
AF-A0A1D9QD76-F1	AF-A0A1D9QD76-F1
AF-A0A411NN20-F1	AF-A0A411NN20-F1
AF-A4QVZ8-F1	AF-A4QVZ8-F1
AF-A9JX75-F1	AF-A9JX75-F1
AF-B1NNT7-F1	AF-B1NNT7-F1
AF-D0MZL5-F1	AF-D0MZL5-F1
AF-D0N607-F1	AF-D0N607-F1
AF-D0NBV3-F1	AF-D0NBV3-F1
AF-D0NBV3-F1	AF-D0NBV1-F1
AF-D0NPN8-F1	AF-D0NPN8-F1
AF-D0NTY1-F1	AF-D0NTY1-F1
AF-D0NVB5-F1	AF-D0NVB5-F1
AF-D0NVB5-F1	ESMF-D0N8M8
AF-D0NXM3-F1	AF-D0NXM3-F1
AF-D0P1A8-F1	AF-D0P1A8-F1
AF-D0P1B2-F1	AF-D0P1B2-F1
AF-D0P3S7-F1	AF-D0P3S7-F1
AF-E0W4Y2-F1	AF-E0W4Y2-F1
AF-E0W544-F1	AF-E0W544-F1
AF-E0W547-F1	AF-E0W547-F1
AF-E3QKL1-F1	AF-E3QKL1-F1
AF-F4RBY2-F1	AF-F4RBY2-F1
AF-F9XHX3-F1	AF-F9XHX3-F1
AF-F9XHX3-F1	AF-P9WEM2-F1
AF-F9XMT4-F1	AF-F9XMT4-F1
AF-G2WSX9-F1	AF-G2WSX9-F1
AF-G2X444-F1	AF-G2X444-F1
AF-G2X4G0-F1	AF-G2X4G0-F1
AF-G2X4G0-F1	ESMF-G5A0G9
AF-G2X4G0-F1	AF-G4ZHR2-F1
AF-G2X4U8-F1	AF-G2X4U8-F1
AF-G2X9W2-F1	AF-G2X9W2-F1
AF-G2XA95-F1	AF-G2XA95-F1
AF-G2XDH0-F1	AF-G2XDH0-F1
AF-G4MRT1-F1	AF-G4MRT1-F1
AF-G4N906-F1	AF-G4N906-F1
AF-G4YRX5-F1	AF-G4YRX5-F1
AF-G4YRX5-F1	ESMF-G1K3N3
AF-G4ZLE6-F1	AF-G4ZLE6-F1
AF-G4ZRQ7-F1	AF-G4ZRQ7-F1
AF-G4ZSG0-F1	AF-G4ZSG0-F1
AF-G5ADB3-F1	AF-G5ADB3-F1
AF-G5ADB3-F1	AF-D0NRS4-F1
AF-G5EHQ6-F1	AF-G5EHQ6-F1
AF-G5EI71-F1	AF-G5EI71-F1
AF-H1UVH3-F1	AF-H1UVH3-F1
AF-H7CE70-F1	AF-H7CE70-F1
AF-H7CE70-F1	AF-G5EI17-F1
AF-H9BPR8-F1	AF-H9BPR8-F1
AF-J4URT3-F1	AF-J4URT3-F1
AF-J5J7Y8-F1	AF-J5J7Y8-F1
AF-J9VQE5-F1	AF-J9VQE5-F1
AF-L7NCS1-F1	AF-L7NCS1-F1
AF-L7NCS1-F1	AF-A0A2R2Z561-F1
AF-L7NCS1-F1	AF-A0A2R2Z564-F1
AF-L7NCS1-F1	AF-A0A2R2Z575-F1
AF-L7NCS1-F1	AF-L7NCR0-F1
AF-L7NCS1-F1	AF-Q9AT28-F1
AF-L7NCS1-F1	ESMF-Q9AXL8
AF-L7NCS1-F1	AF-A0A2R2Z552-F1
AF-L7NCS1-F1	AF-A0A2R2Z570-F1
AF-L7NCS1-F1	AF-A0A2R2Z560-F1
AF-L7NCS1-F1	AF-A0A2R2Z572-F1
AF-L7NCS1-F1	AF-A0A2R2Z574-F1
AF-L7NCS1-F1	ESMF-Q9SPD4
AF-M4B6G6-F1	AF-M4B6G6-F1
AF-M4B6G6-F1	ESMF-Q4VKJ1
AF-M4B6G6-F1	ESMF-B2C6F8
AF-M4B6G6-F1	ESMF-B2C6F3
AF-M4B6G6-F1	ESMF-G3C9N8
AF-M4B6G6-F1	ESMF-W2PVL9
AF-M4B6G6-F1	ESMF-G1FQZ9
AF-M4B6G6-F1	ESMF-G3C9L1
AF-M4C367-F1	AF-M4C367-F1
AF-M4C699-F1	AF-M4C699-F1
AF-P0CU91-F1	AF-P0CU91-F1
AF-P22287-F1	AF-P22287-F1
AF-Q2KEJ2-F1	AF-Q2KEJ2-F1
AF-Q5G7K8-F1	AF-Q5G7K8-F1
AF-Q5G7K8-F1	ESMF-Q5G7L3
AF-Q6PQG3-F1	AF-Q6PQG3-F1
AF-Q6PQH2-F1	AF-Q6PQH2-F1
AF-Q8H6Z6-F1	AF-Q8H6Z6-F1
AF-Q8H6Z6-F1	AF-Q8H6Z4-F1
ESMF-A0A023UJQ9	ESMF-A0A023UJQ9
ESMF-A0A063BYC9	ESMF-A0A063BYC9
ESMF-A0A0A0S3X0	ESMF-A0A0A0S3X0
ESMF-A0A0A2I2M6	ESMF-A0A0A2I2M6
ESMF-A0A0A2I2M6	AF-A0A384J6C4-F1
ESMF-A0A0A2JJP9	ESMF-A0A0A2JJP9
ESMF-A0A0A2JJP9	ESMF-A0A059UDR8
ESMF-A0A0A2JJP9	ESMF-X0KJP1
ESMF-A0A0A2KIK6	ESMF-A0A0A2KIK6
ESMF-A0A0A7DLN4	ESMF-A0A0A7DLN4
ESMF-A0A0A7DM22	ESMF-A0A0A7DM22
ESMF-A0A0A7DMM3	ESMF-A0A0A7DMM3
ESMF-A0A0B5L7L9	ESMF-A0A0B5L7L9
ESMF-A0A0D1BVD8	ESMF-A0A0D1BVD8
ESMF-A0A0D1BVZ6	ESMF-A0A0D1BVZ6
ESMF-A0A0D1C393	ESMF-A0A0D1C393
ESMF-A0A0D1C5E3	ESMF-A0A0D1C5E3
ESMF-A0A0D1C6B8	ESMF-A0A0D1C6B8
ESMF-A0A0D1C6C3	ESMF-A0A0D1C6C3
ESMF-A0A0D1CF25	ESMF-A0A0D1CF25
ESMF-A0A0D1CFN1	ESMF-A0A0D1CFN1
ESMF-A0A0D1CHF8	ESMF-A0A0D1CHF8
ESMF-A0A0D1CJB9	ESMF-A0A0D1CJB9
ESMF-A0A0D1CND6	ESMF-A0A0D1CND6
ESMF-A0A0D1CRF7	ESMF-A0A0D1CRF7
ESMF-A0A0D1CRG2	ESMF-A0A0D1CRG2
ESMF-A0A0D1CU07	ESMF-A0A0D1CU07
ESMF-A0A0D1CW02	ESMF-A0A0D1CW02
ESMF-A0A0D1CWP9	ESMF-A0A0D1CWP9
ESMF-A0A0D1CXX9	ESMF-A0A0D1CXX9
ESMF-A0A0D1CYK5	ESMF-A0A0D1CYK5
ESMF-A0A0D1D169	ESMF-A0A0D1D169
ESMF-A0A0D1DQD7	ESMF-A0A0D1DQD7
ESMF-A0A0D1DRM3	ESMF-A0A0D1DRM3
ESMF-A0A0D1DTB8	ESMF-A0A0D1DTB8
ESMF-A0A0D1DUC4	ESMF-A0A0D1DUC4
ESMF-A0A0D1DUQ9	ESMF-A0A0D1DUQ9
ESMF-A0A0D1DV84	ESMF-A0A0D1DV84
ESMF-A0A0D1DWR4	ESMF-A0A0D1DWR4
ESMF-A0A0D1DX64	ESMF-A0A0D1DX64
ESMF-A0A0D1DYP1	ESMF-A0A0D1DYP1
ESMF-A0A0D1DYP7	ESMF-A0A0D1DYP7
ESMF-A0A0D1DYX1	ESMF-A0A0D1DYX1
ESMF-A0A0D1DZA9	ESMF-A0A0D1DZA9
ESMF-A0A0D1DZA9	AF-A0A0D1E4Y8-F1
ESMF-A0A0D1DZA9	ESMF-E7A2P8
ESMF-A0A0D1DZX5	ESMF-A0A0D1DZX5
ESMF-A0A0D1E0J1	ESMF-A0A0D1E0J1
ESMF-A0A0D1E167	ESMF-A0A0D1E167
ESMF-A0A0D1E1A9	ESMF-A0A0D1E1A9
ESMF-A0A0D1E1D4	ESMF-A0A0D1E1D4
ESMF-A0A0D1E1H1	ESMF-A0A0D1E1H1
ESMF-A0A0D1E1Y8	ESMF-A0A0D1E1Y8
ESMF-A0A0D1E2J4	ESMF-A0A0D1E2J4
ESMF-A0A0D1E2M4	ESMF-A0A0D1E2M4
ESMF-A0A0D1E2W3	ESMF-A0A0D1E2W3
ESMF-A0A0D1E2W3	ESMF-A0A0D1DRV1
ESMF-A0A0D1E3X3	ESMF-A0A0D1E3X3
ESMF-A0A0D1E3Z8	ESMF-A0A0D1E3Z8
ESMF-A0A0D1E411	ESMF-A0A0D1E411
ESMF-A0A0D1E4Q7	ESMF-A0A0D1E4Q7
ESMF-A0A0D1E5X9	ESMF-A0A0D1E5X9
ESMF-A0A0D1E6W5	ESMF-A0A0D1E6W5
ESMF-A0A0D1E6Y4	ESMF-A0A0D1E6Y4
ESMF-A0A0D1E701	ESMF-A0A0D1E701
ESMF-A0A0D1E8C1	ESMF-A0A0D1E8C1
ESMF-A0A0D1EAN2	ESMF-A0A0D1EAN2
ESMF-A0A0D1EDY9	ESMF-A0A0D1EDY9
ESMF-A0A0H4ITX1	ESMF-A0A0H4ITX1
ESMF-A0A0H4ITX1	ESMF-R9RX08
ESMF-A0A0H4ITX1	ESMF-B9WZW9
ESMF-A0A0H4ITX1	ESMF-Q8J180
ESMF-A0A0I9ZBA9	ESMF-A0A0I9ZBA9
ESMF-A0A0J9WVB5	ESMF-A0A0J9WVB5
ESMF-A0A0J9WVB5	ESMF-A0A7G5WGW9
ESMF-A0A0J9WVB5	ESMF-A4F4L2
ESMF-A0A0J9WVB5	ESMF-F9XKL2
ESMF-A0A0L0V3D9	ESMF-A0A0L0V3D9
ESMF-A0A0L0VA94	ESMF-A0A0L0VA94
ESMF-A0A0L0VHJ5	ESMF-A0A0L0VHJ5
ESMF-A0A0L0VHJ5	ESMF-A0A142KWG0
ESMF-A0A0L0VYD3	ESMF-A0A0L0VYD3
ESMF-A0A0L0VYD3__2	ESMF-A0A0L0VYD3__2
ESMF-A0A0M4AMY8	ESMF-A0A0M4AMY8
ESMF-A0A0P1KYY9	ESMF-A0A0P1KYY9
ESMF-A0A0S1MJK1	ESMF-A0A0S1MJK1
ESMF-A0A142KWI6	ESMF-A0A142KWI6
ESMF-A0A169T708	ESMF-A0A169T708
ESMF-A0A180GHN3	ESMF-A0A180GHN3
ESMF-A0A194W4R1	ESMF-A0A194W4R1
ESMF-A0A194WDN5	ESMF-A0A194WDN5
ESMF-A0A1B0RFQ0	ESMF-A0A1B0RFQ0
ESMF-A0A1B0RFQ0	AF-Q00363-F1
ESMF-A0A1B0RFQ0	ESMF-D5KLB3
ESMF-A0A1B0RFQ0	ESMF-A0A6B7L9I7
ESMF-A0A1B0RFQ0	ESMF-D5KLB5
ESMF-A0A1B0RFQ0	ESMF-N1PIZ7
ESMF-A0A1B2CW13	ESMF-A0A1B2CW13
ESMF-A0A1B2CW89	ESMF-A0A1B2CW89
ESMF-A0A1B5KZM5	ESMF-A0A1B5KZM5
ESMF-A0A1C9II12	ESMF-A0A1C9II12
ESMF-A0A1C9V3Q1	ESMF-A0A1C9V3Q1
ESMF-A0A1D9QGK0	ESMF-A0A1D9QGK0
ESMF-A0A1P8W6L1	ESMF-A0A1P8W6L1
ESMF-A0A1P8YXI8	ESMF-A0A1P8YXI8
ESMF-A0A1P8YXK1	ESMF-A0A1P8YXK1
ESMF-A0A1P8YXK1	AF-P79085-F1
ESMF-A0A1P8YXK1	AF-G2WWV6-F1
ESMF-A0A1P8YXK1	ESMF-A7E6C4
ESMF-A0A226B923	ESMF-A0A226B923
ESMF-A0A2I6B3G6	ESMF-A0A2I6B3G6
ESMF-A0A444RJQ0	ESMF-A0A444RJQ0
ESMF-A0A4T0WF76	ESMF-A0A4T0WF76
ESMF-A0A507D1H9	ESMF-A0A507D1H9
ESMF-A0A5B0MRS6	ESMF-A0A5B0MRS6
ESMF-A0A5B0P8V4	ESMF-A0A5B0P8V4
ESMF-A0A5B0PKJ8	ESMF-A0A5B0PKJ8
ESMF-A0A5B0PMB3	ESMF-A0A5B0PMB3
ESMF-A0A5J6DDN9	ESMF-A0A5J6DDN9
ESMF-A0A6M4FAR2	ESMF-A0A6M4FAR2
ESMF-A0A8E5HLT0	ESMF-A0A8E5HLT0
ESMF-A0A8E5JS15	ESMF-A0A8E5JS15
ESMF-A0A8H7MAE0	ESMF-A0A8H7MAE0
ESMF-A0N0D1	ESMF-A0N0D1
ESMF-A4L9T6	ESMF-A4L9T6
ESMF-A4L9T6	ESMF-A4LAA7
ESMF-A7E9T8	ESMF-A7E9T8
ESMF-A7F1J8	ESMF-A7F1J8
ESMF-A7L812	ESMF-A7L812
ESMF-AEQ16461.1	ESMF-AEQ16461.1
ESMF-B2ZCS6	ESMF-B2ZCS6
ESMF-B2ZCS6	ESMF-Q2MV43
ESMF-B9A9V1	ESMF-B9A9V1
ESMF-B9ZUL0	ESMF-B9ZUL0
ESMF-B9ZUL0	ESMF-A0A0U2R974
ESMF-C0LF23	ESMF-C0LF23
ESMF-C1KJI7	ESMF-C1KJI7
ESMF-C1KJI7	ESMF-C1KJG7
ESMF-C1KJI7	ESMF-C1KJH7
ESMF-C1KJI7	ESMF-C1KJH9
ESMF-C1KJI7	ESMF-F7J181
ESMF-C1KJI7	ESMF-Q9C478
ESMF-C4B8B7	ESMF-C4B8B7
ESMF-C4B8B9	ESMF-C4B8B9
ESMF-C4B8C2	ESMF-C4B8C2
ESMF-C4B8C2	ESMF-A0A219T3Y8
ESMF-C4B8C2	ESMF-C4B8B8
ESMF-C6ZEZ6	ESMF-C6ZEZ6
ESMF-C9WMG8	ESMF-C9WMG8
ESMF-D0N0I4	ESMF-D0N0I4
ESMF-D0N8M0	ESMF-D0N8M0
ESMF-D0NDJ8	ESMF-D0NDJ8
ESMF-D0NIL2	ESMF-D0NIL2
ESMF-D0NN59	ESMF-D0NN59
ESMF-D0U2D1	ESMF-D0U2D1
ESMF-D0U2D1	ESMF-A0A0C4DI32
ESMF-D0U2D1	ESMF-Q2A0P1
ESMF-D0U2D1	ESMF-E3KHU8
ESMF-D0U2D1	ESMF-W9ZT25
ESMF-E0W4Q8	ESMF-E0W4Q8
ESMF-E0W4U2	ESMF-E0W4U2
ESMF-E0W4V8_PHYSO	ESMF-E0W4V8_PHYSO
ESMF-E3CTN3	ESMF-E3CTN3
ESMF-E3Q704	ESMF-E3Q704
ESMF-E3QD10	ESMF-E3QD10
ESMF-E3QRC0	ESMF-E3QRC0
ESMF-E4ZT77	ESMF-E4ZT77
ESMF-E4ZT84	ESMF-E4ZT84
ESMF-E6ZKQ0	ESMF-E6ZKQ0
ESMF-E6ZKQ0	ESMF-A0A0D1DT47
ESMF-E6ZKQ0	ESMF-A0A0D1DU27
ESMF-E6ZKU6	ESMF-E6ZKU6
ESMF-E6ZLL5	ESMF-E6ZLL5
ESMF-E6ZMP5	ESMF-E6ZMP5
ESMF-E6ZMP6	ESMF-E6ZMP6
ESMF-E6ZMP7	ESMF-E6ZMP7
ESMF-E6ZMQ1	ESMF-E6ZMQ1
ESMF-E6ZN54	ESMF-E6ZN54
ESMF-E6ZS63	ESMF-E6ZS63
ESMF-E6ZS64	ESMF-E6ZS64
ESMF-E6ZS65	ESMF-E6ZS65
ESMF-E6ZS66	ESMF-E6ZS66
ESMF-E6ZS67	ESMF-E6ZS67
ESMF-E6ZS69	ESMF-E6ZS69
ESMF-E6ZS70	ESMF-E6ZS70
ESMF-E6ZS72	ESMF-E6ZS72
ESMF-E6ZS73	ESMF-E6ZS73
ESMF-E6ZS74	ESMF-E6ZS74
ESMF-E6ZS75	ESMF-E6ZS75
ESMF-E6ZS76	ESMF-E6ZS76
ESMF-E6ZS77	ESMF-E6ZS77
ESMF-E6ZS78	ESMF-E6ZS78
ESMF-E6ZS80	ESMF-E6ZS80
ESMF-E6ZS81	ESMF-E6ZS81
ESMF-E6ZS82	ESMF-E6ZS82
ESMF-E6ZS83	ESMF-E6ZS83
ESMF-E6ZS84	ESMF-E6ZS84
ESMF-E6ZS85	ESMF-E6ZS85
ESMF-E6ZS86	ESMF-E6ZS86
ESMF-E6ZS87	ESMF-E6ZS87
ESMF-E6ZS88	ESMF-E6ZS88
ESMF-E6ZS90	ESMF-E6ZS90
ESMF-E6ZS91	ESMF-E6ZS91
ESMF-E6ZS92	ESMF-E6ZS92
ESMF-E6ZS93	ESMF-E6ZS93
ESMF-E6ZU78	ESMF-E6ZU78
ESMF-E6ZWS5	ESMF-E6ZWS5
ESMF-E6ZXT3	ESMF-E6ZXT3
ESMF-E6ZY85	ESMF-E6ZY85
ESMF-E6ZYY9	ESMF-E6ZYY9
ESMF-E6ZZM5	ESMF-E6ZZM5
ESMF-E6ZZM5	ESMF-E6ZZM6
ESMF-E6ZZW9	ESMF-E6ZZW9
ESMF-E6ZZX0	ESMF-E6ZZX0
ESMF-E6ZZX1	ESMF-E6ZZX1
ESMF-E6ZZX2	ESMF-E6ZZX2
ESMF-E6ZZX3	ESMF-E6ZZX3
ESMF-E7A094	ESMF-E7A094
ESMF-E7A095	ESMF-E7A095
ESMF-E7A096	ESMF-E7A096
ESMF-E7A097	ESMF-E7A097
ESMF-E7A098	ESMF-E7A098
ESMF-E7A099	ESMF-E7A099
ESMF-E7A0A0	ESMF-E7A0A0
ESMF-E7A0A1	ESMF-E7A0A1
ESMF-E7A0A2	ESMF-E7A0A2
ESMF-E7A0A3	ESMF-E7A0A3
ESMF-E7A0A4	ESMF-E7A0A4
ESMF-E7A0A5	ESMF-E7A0A5
ESMF-E7A0A6	ESMF-E7A0A6
ESMF-E7A0A7	ESMF-E7A0A7
ESMF-E7A0A8	ESMF-E7A0A8
ESMF-E7A0K4	ESMF-E7A0K4
ESMF-E7A0K6	ESMF-E7A0K6
ESMF-E7A183	ESMF-E7A183
ESMF-E7A184	ESMF-E7A184
ESMF-E7A3A9	ESMF-E7A3A9
ESMF-F2YQ16	ESMF-F2YQ16
ESMF-F2YQ16	ESMF-A5YTY8
ESMF-F6MEZ1	ESMF-F6MEZ1
ESMF-F6MEZ2	ESMF-F6MEZ2
ESMF-F6MEZ4	ESMF-F6MEZ4
ESMF-F6MEZ6	ESMF-F6MEZ6
ESMF-F6MEZ8	ESMF-F6MEZ8
ESMF-F6MF00	ESMF-F6MF00
ESMF-F6MF01	ESMF-F6MF01
ESMF-F6MF03	ESMF-F6MF03
ESMF-F6MF04	ESMF-F6MF04
ESMF-F6MF05	ESMF-F6MF05
ESMF-F6MF06	ESMF-F6MF06
ESMF-F6MF07	ESMF-F6MF07
ESMF-F6MF08	ESMF-F6MF08
ESMF-F8UNP0	ESMF-F8UNP0
ESMF-F9GAR0	ESMF-F9GAR0
ESMF-F9GCQ6	ESMF-F9GCQ6
ESMF-F9GE44	ESMF-F9GE44
ESMF-F9XAU1	ESMF-F9XAU1
ESMF-F9XBP2	ESMF-F9XBP2
ESMF-G0X7F2	ESMF-G0X7F2
ESMF-G0X7K3	ESMF-G0X7K3
ESMF-G0X7L8	ESMF-G0X7L8
ESMF-G0X7N7	ESMF-G0X7N7
ESMF-G0X7P5	ESMF-G0X7P5
ESMF-G0X7S0	ESMF-G0X7S0
ESMF-G0X7S7	ESMF-G0X7S7
ESMF-G0X7S7	ESMF-G0X7M4
ESMF-G0X7U0	ESMF-G0X7U0
ESMF-G0X7V8	ESMF-G0X7V8
ESMF-G0X7X3	ESMF-G0X7X3
ESMF-G0X7Y1	ESMF-G0X7Y1
ESMF-G0X7Z5	ESMF-G0X7Z5
ESMF-G0X801	ESMF-G0X801
ESMF-G0X809	ESMF-G0X809
ESMF-G0X828	ESMF-G0X828
ESMF-G0X840	ESMF-G0X840
ESMF-G0X849	ESMF-G0X849
ESMF-G0X854	ESMF-G0X854
ESMF-G0X860	ESMF-G0X860
ESMF-G0X877	ESMF-G0X877
ESMF-G3C9L0	ESMF-G3C9L0
ESMF-G3C9N5	ESMF-G3C9N5
ESMF-G3C9N6	ESMF-G3C9N6
ESMF-G3C9N7	ESMF-G3C9N7
ESMF-G3C9N9	ESMF-G3C9N9
ESMF-G3C9N9	ESMF-E0W5A0
ESMF-G3C9P0	ESMF-G3C9P0
ESMF-G3C9P1	ESMF-G3C9P1
ESMF-G3C9P6	ESMF-G3C9P6
ESMF-G3C9P9	ESMF-G3C9P9
ESMF-G3C9Q4	ESMF-G3C9Q4
ESMF-G3C9Q5	ESMF-G3C9Q5
ESMF-G3C9Q7	ESMF-G3C9Q7
ESMF-G3C9Q9	ESMF-G3C9Q9
ESMF-G3C9R3	ESMF-G3C9R3
ESMF-G3C9R4	ESMF-G3C9R4
ESMF-G3C9S3	ESMF-G3C9S3
ESMF-G3C9S7	ESMF-G3C9S7
ESMF-G3C9T3	ESMF-G3C9T3
ESMF-G3C9T8	ESMF-G3C9T8
ESMF-G3C9U1	ESMF-G3C9U1
ESMF-G3CK59	ESMF-G3CK59
ESMF-G3CK64	ESMF-G3CK64
ESMF-G4MVX4	ESMF-G4MVX4
ESMF-G4MX34	ESMF-G4MX34
ESMF-G4MX55	ESMF-G4MX55
ESMF-G4MX55	ESMF-A0A1B5KY51
ESMF-G4MXW3	ESMF-G4MXW3
ESMF-G4MY32	ESMF-G4MY32
ESMF-G4MY99	ESMF-G4MY99
ESMF-G4N375	ESMF-G4N375
ESMF-G4N6S9	ESMF-G4N6S9
ESMF-G4N8Y3	ESMF-G4N8Y3
ESMF-G4NH41	ESMF-G4NH41
ESMF-G4ZRQ8	ESMF-G4ZRQ8
ESMF-G9BER8	ESMF-G9BER8
ESMF-G9BER8	ESMF-G9BES2
ESMF-G9BES0	ESMF-G9BES0
ESMF-H1VSQ9	ESMF-H1VSQ9
ESMF-H9DUR1	ESMF-H9DUR1
ESMF-H9DUR1	ESMF-G4MKI0
ESMF-H9DUR1	ESMF-A7EXN1
ESMF-I1RLN6	ESMF-I1RLN6
ESMF-I1S303	ESMF-I1S303
ESMF-I1S303	AF-Q945T9-F1
ESMF-I1S303	AF-Q945U0-F1
ESMF-I1S303	ESMF-E6ZYE0
ESMF-I1VGT7	ESMF-I1VGT7
ESMF-I1VGT8	ESMF-I1VGT8
ESMF-KIS66302	ESMF-KIS66302
ESMF-KIS66302	ESMF-E6ZS71
ESMF-KIS66302	ESMF-E6ZS68
ESMF-KIS66302	ESMF-I2FS85
ESMF-L8WVP3	ESMF-L8WVP3
ESMF-L8WVP3	ESMF-Q6WER3
ESMF-M1GM60	ESMF-M1GM60
ESMF-M4BIN0	ESMF-M4BIN0
ESMF-N1JFM8	ESMF-N1JFM8
ESMF-N1JFM8	ESMF-N1J904
ESMF-N1JFM8	ESMF-A0A0P0FZ34
ESMF-N1JFM8	ESMF-A0A061HMY2
ESMF-N1JFM8	ESMF-A0A061HK55
ESMF-N1JFM8	ESMF-A0A2P0ZEB6
ESMF-N1JFM8	ESMF-N1JFE2
ESMF-N1JFM8	ESMF-N1J7E2
ESMF-N1JFM8	ESMF-A0A9X9QEV5
ESMF-N1JFM8	ESMF-N1JJE7
ESMF-N1JFM8	ESMF-N1JGD1
ESMF-N1JFM8	ESMF-N1JJH4
ESMF-N1JFM8	ESMF-N1JN67
ESMF-N1JFM8	ESMF-R0K2C5
ESMF-N1JFM8	ESMF-N1JJX4
ESMF-N1JFM8	ESMF-A0A1L5JEG4
ESMF-N1JFM8	ESMF-N1JHK8
ESMF-N1JK84	ESMF-N1JK84
ESMF-N1JK93	ESMF-N1JK93
ESMF-N1JK93	ESMF-G4N5C1
ESMF-N1JPG4	ESMF-N1JPG4
ESMF-N1RSS1	ESMF-N1RSS1
ESMF-N4V2U6	ESMF-N4V2U6
ESMF-N4VVN8	ESMF-N4VVN8
ESMF-O42718	ESMF-O42718
ESMF-O42718	ESMF-O42719
ESMF-O42830	ESMF-O42830
ESMF-P0CT27	ESMF-P0CT27
ESMF-P78737	ESMF-P78737
ESMF-PHI:8149	ESMF-PHI:8149
ESMF-PaMiSSP10b	ESMF-PaMiSSP10b
ESMF-PiSNE1	ESMF-PiSNE1
ESMF-Q00365	ESMF-Q00365
ESMF-Q01145	ESMF-Q01145
ESMF-Q01905	ESMF-Q01905
ESMF-Q02039	ESMF-Q02039
ESMF-Q09QS2	ESMF-Q09QS2
ESMF-Q09QS3	ESMF-Q09QS3
ESMF-Q1HBK6	ESMF-Q1HBK6
ESMF-Q258K5	ESMF-Q258K5
ESMF-Q2A0P0	ESMF-Q2A0P0
ESMF-Q2MV46	ESMF-Q2MV46
ESMF-Q2MV49	ESMF-Q2MV49
ESMF-Q4P999	ESMF-Q4P999
ESMF-Q4P9A0	ESMF-Q4P9A0
ESMF-Q4P9A0	ESMF-Q4PCM4
ESMF-Q4PCM2	ESMF-Q4PCM2
ESMF-Q4PCM5	ESMF-Q4PCM5
ESMF-Q4PCM6	ESMF-Q4PCM6
ESMF-Q4PDL7	ESMF-Q4PDL7
ESMF-Q56VT8	ESMF-Q56VT8
ESMF-Q5TIP4	ESMF-Q5TIP4
ESMF-Q5VB04	ESMF-Q5VB04
ESMF-Q6R656	ESMF-Q6R656
ESMF-Q6R659	ESMF-Q6R659
ESMF-Q6R661	ESMF-Q6R661
ESMF-Q6TA23	ESMF-Q6TA23
ESMF-Q709E0	ESMF-Q709E0
ESMF-Q709E2	ESMF-Q709E2
ESMF-Q709E2	ESMF-Q709D8
ESMF-Q84XU0	ESMF-Q84XU0
ESMF-Q87W07	ESMF-Q87W07
ESMF-Q8NID8	ESMF-Q8NID8
ESMF-Q94FS7	ESMF-Q94FS7
ESMF-Q94FS7	ESMF-A0A0M3Q8U4
ESMF-V5TFR9	ESMF-V5TFR9
ESMF-W2RAR9	ESMF-W2RAR9
ESMF-X0J790	ESMF-X0J790
ESMF-X0JFE5	ESMF-X0JFE5
ESMF-X0K540	ESMF-X0K540
ESMF-X0L985	ESMF-X0L985
ESMF-ZtAvrStb6	ESMF-ZtAvrStb6
